target_col,test_seed,n_train,row_method,column_method,probability_row_beats_column
uptake(mmol/g) CO2 at 0.15 bar,17,1000,enriched_interpretable | hgb,enriched_interpretable | hgb,0.5
uptake(mmol/g) CO2 at 0.15 bar,17,1000,enriched_interpretable | hgb,enriched_interpretable | mlp,0.9
uptake(mmol/g) CO2 at 0.15 bar,17,1000,enriched_interpretable | hgb,enriched_interpretable | rf,0.0
uptake(mmol/g) CO2 at 0.15 bar,17,1000,enriched_interpretable | hgb,enriched_interpretable | ridge,1.0
uptake(mmol/g) CO2 at 0.15 bar,17,1000,enriched_interpretable | hgb,geometry_only | hgb,1.0
uptake(mmol/g) CO2 at 0.15 bar,17,1000,enriched_interpretable | hgb,geometry_only | mlp,1.0
uptake(mmol/g) CO2 at 0.15 bar,17,1000,enriched_interpretable | hgb,geometry_only | rf,0.2
uptake(mmol/g) CO2 at 0.15 bar,17,1000,enriched_interpretable | hgb,geometry_only | ridge,1.0
uptake(mmol/g) CO2 at 0.15 bar,17,1000,enriched_interpretable | hgb,geometry_plus_topology | hgb,0.0
uptake(mmol/g) CO2 at 0.15 bar,17,1000,enriched_interpretable | hgb,geometry_plus_topology | mlp,0.0
uptake(mmol/g) CO2 at 0.15 bar,17,1000,enriched_interpretable | hgb,geometry_plus_topology | rf,0.0
uptake(mmol/g) CO2 at 0.15 bar,17,1000,enriched_interpretable | hgb,geometry_plus_topology | ridge,0.2
uptake(mmol/g) CO2 at 0.15 bar,17,1000,enriched_interpretable | hgb,topology_only | hgb,1.0
uptake(mmol/g) CO2 at 0.15 bar,17,1000,enriched_interpretable | hgb,topology_only | mlp,1.0
uptake(mmol/g) CO2 at 0.15 bar,17,1000,enriched_interpretable | hgb,topology_only | rf,1.0
uptake(mmol/g) CO2 at 0.15 bar,17,1000,enriched_interpretable | hgb,topology_only | ridge,1.0
uptake(mmol/g) CO2 at 0.15 bar,17,1000,enriched_interpretable | mlp,enriched_interpretable | hgb,0.1
uptake(mmol/g) CO2 at 0.15 bar,17,1000,enriched_interpretable | mlp,enriched_interpretable | mlp,0.5
uptake(mmol/g) CO2 at 0.15 bar,17,1000,enriched_interpretable | mlp,enriched_interpretable | rf,0.0
uptake(mmol/g) CO2 at 0.15 bar,17,1000,enriched_interpretable | mlp,enriched_interpretable | ridge,0.8
uptake(mmol/g) CO2 at 0.15 bar,17,1000,enriched_interpretable | mlp,geometry_only | hgb,0.4
uptake(mmol/g) CO2 at 0.15 bar,17,1000,enriched_interpretable | mlp,geometry_only | mlp,0.6
uptake(mmol/g) CO2 at 0.15 bar,17,1000,enriched_interpretable | mlp,geometry_only | rf,0.1
uptake(mmol/g) CO2 at 0.15 bar,17,1000,enriched_interpretable | mlp,geometry_only | ridge,0.9
uptake(mmol/g) CO2 at 0.15 bar,17,1000,enriched_interpretable | mlp,geometry_plus_topology | hgb,0.0
uptake(mmol/g) CO2 at 0.15 bar,17,1000,enriched_interpretable | mlp,geometry_plus_topology | mlp,0.1
uptake(mmol/g) CO2 at 0.15 bar,17,1000,enriched_interpretable | mlp,geometry_plus_topology | rf,0.0
uptake(mmol/g) CO2 at 0.15 bar,17,1000,enriched_interpretable | mlp,geometry_plus_topology | ridge,0.2
uptake(mmol/g) CO2 at 0.15 bar,17,1000,enriched_interpretable | mlp,topology_only | hgb,1.0
uptake(mmol/g) CO2 at 0.15 bar,17,1000,enriched_interpretable | mlp,topology_only | mlp,1.0
uptake(mmol/g) CO2 at 0.15 bar,17,1000,enriched_interpretable | mlp,topology_only | rf,1.0
uptake(mmol/g) CO2 at 0.15 bar,17,1000,enriched_interpretable | mlp,topology_only | ridge,1.0
uptake(mmol/g) CO2 at 0.15 bar,17,1000,enriched_interpretable | rf,enriched_interpretable | hgb,1.0
uptake(mmol/g) CO2 at 0.15 bar,17,1000,enriched_interpretable | rf,enriched_interpretable | mlp,1.0
uptake(mmol/g) CO2 at 0.15 bar,17,1000,enriched_interpretable | rf,enriched_interpretable | rf,0.5
uptake(mmol/g) CO2 at 0.15 bar,17,1000,enriched_interpretable | rf,enriched_interpretable | ridge,1.0
uptake(mmol/g) CO2 at 0.15 bar,17,1000,enriched_interpretable | rf,geometry_only | hgb,1.0
uptake(mmol/g) CO2 at 0.15 bar,17,1000,enriched_interpretable | rf,geometry_only | mlp,1.0
uptake(mmol/g) CO2 at 0.15 bar,17,1000,enriched_interpretable | rf,geometry_only | rf,0.9
uptake(mmol/g) CO2 at 0.15 bar,17,1000,enriched_interpretable | rf,geometry_only | ridge,1.0
uptake(mmol/g) CO2 at 0.15 bar,17,1000,enriched_interpretable | rf,geometry_plus_topology | hgb,0.0
uptake(mmol/g) CO2 at 0.15 bar,17,1000,enriched_interpretable | rf,geometry_plus_topology | mlp,0.1
uptake(mmol/g) CO2 at 0.15 bar,17,1000,enriched_interpretable | rf,geometry_plus_topology | rf,0.0
uptake(mmol/g) CO2 at 0.15 bar,17,1000,enriched_interpretable | rf,geometry_plus_topology | ridge,0.9
uptake(mmol/g) CO2 at 0.15 bar,17,1000,enriched_interpretable | rf,topology_only | hgb,1.0
uptake(mmol/g) CO2 at 0.15 bar,17,1000,enriched_interpretable | rf,topology_only | mlp,1.0
uptake(mmol/g) CO2 at 0.15 bar,17,1000,enriched_interpretable | rf,topology_only | rf,1.0
uptake(mmol/g) CO2 at 0.15 bar,17,1000,enriched_interpretable | rf,topology_only | ridge,1.0
uptake(mmol/g) CO2 at 0.15 bar,17,1000,enriched_interpretable | ridge,enriched_interpretable | hgb,0.0
uptake(mmol/g) CO2 at 0.15 bar,17,1000,enriched_interpretable | ridge,enriched_interpretable | mlp,0.2
uptake(mmol/g) CO2 at 0.15 bar,17,1000,enriched_interpretable | ridge,enriched_interpretable | rf,0.0
uptake(mmol/g) CO2 at 0.15 bar,17,1000,enriched_interpretable | ridge,enriched_interpretable | ridge,0.5
uptake(mmol/g) CO2 at 0.15 bar,17,1000,enriched_interpretable | ridge,geometry_only | hgb,0.0
uptake(mmol/g) CO2 at 0.15 bar,17,1000,enriched_interpretable | ridge,geometry_only | mlp,0.3
uptake(mmol/g) CO2 at 0.15 bar,17,1000,enriched_interpretable | ridge,geometry_only | rf,0.0
uptake(mmol/g) CO2 at 0.15 bar,17,1000,enriched_interpretable | ridge,geometry_only | ridge,1.0
uptake(mmol/g) CO2 at 0.15 bar,17,1000,enriched_interpretable | ridge,geometry_plus_topology | hgb,0.0
uptake(mmol/g) CO2 at 0.15 bar,17,1000,enriched_interpretable | ridge,geometry_plus_topology | mlp,0.0
uptake(mmol/g) CO2 at 0.15 bar,17,1000,enriched_interpretable | ridge,geometry_plus_topology | rf,0.0
uptake(mmol/g) CO2 at 0.15 bar,17,1000,enriched_interpretable | ridge,geometry_plus_topology | ridge,0.0
uptake(mmol/g) CO2 at 0.15 bar,17,1000,enriched_interpretable | ridge,topology_only | hgb,1.0
uptake(mmol/g) CO2 at 0.15 bar,17,1000,enriched_interpretable | ridge,topology_only | mlp,1.0
uptake(mmol/g) CO2 at 0.15 bar,17,1000,enriched_interpretable | ridge,topology_only | rf,1.0
uptake(mmol/g) CO2 at 0.15 bar,17,1000,enriched_interpretable | ridge,topology_only | ridge,1.0
uptake(mmol/g) CO2 at 0.15 bar,17,1000,geometry_only | hgb,enriched_interpretable | hgb,0.0
uptake(mmol/g) CO2 at 0.15 bar,17,1000,geometry_only | hgb,enriched_interpretable | mlp,0.6
uptake(mmol/g) CO2 at 0.15 bar,17,1000,geometry_only | hgb,enriched_interpretable | rf,0.0
uptake(mmol/g) CO2 at 0.15 bar,17,1000,geometry_only | hgb,enriched_interpretable | ridge,1.0
uptake(mmol/g) CO2 at 0.15 bar,17,1000,geometry_only | hgb,geometry_only | hgb,0.5
uptake(mmol/g) CO2 at 0.15 bar,17,1000,geometry_only | hgb,geometry_only | mlp,0.8
uptake(mmol/g) CO2 at 0.15 bar,17,1000,geometry_only | hgb,geometry_only | rf,0.0
uptake(mmol/g) CO2 at 0.15 bar,17,1000,geometry_only | hgb,geometry_only | ridge,1.0
uptake(mmol/g) CO2 at 0.15 bar,17,1000,geometry_only | hgb,geometry_plus_topology | hgb,0.0
uptake(mmol/g) CO2 at 0.15 bar,17,1000,geometry_only | hgb,geometry_plus_topology | mlp,0.0
uptake(mmol/g) CO2 at 0.15 bar,17,1000,geometry_only | hgb,geometry_plus_topology | rf,0.0
uptake(mmol/g) CO2 at 0.15 bar,17,1000,geometry_only | hgb,geometry_plus_topology | ridge,0.0
uptake(mmol/g) CO2 at 0.15 bar,17,1000,geometry_only | hgb,topology_only | hgb,1.0
uptake(mmol/g) CO2 at 0.15 bar,17,1000,geometry_only | hgb,topology_only | mlp,1.0
uptake(mmol/g) CO2 at 0.15 bar,17,1000,geometry_only | hgb,topology_only | rf,1.0
uptake(mmol/g) CO2 at 0.15 bar,17,1000,geometry_only | hgb,topology_only | ridge,1.0
uptake(mmol/g) CO2 at 0.15 bar,17,1000,geometry_only | mlp,enriched_interpretable | hgb,0.0
uptake(mmol/g) CO2 at 0.15 bar,17,1000,geometry_only | mlp,enriched_interpretable | mlp,0.4
uptake(mmol/g) CO2 at 0.15 bar,17,1000,geometry_only | mlp,enriched_interpretable | rf,0.0
uptake(mmol/g) CO2 at 0.15 bar,17,1000,geometry_only | mlp,enriched_interpretable | ridge,0.7
uptake(mmol/g) CO2 at 0.15 bar,17,1000,geometry_only | mlp,geometry_only | hgb,0.2
uptake(mmol/g) CO2 at 0.15 bar,17,1000,geometry_only | mlp,geometry_only | mlp,0.5
uptake(mmol/g) CO2 at 0.15 bar,17,1000,geometry_only | mlp,geometry_only | rf,0.0
uptake(mmol/g) CO2 at 0.15 bar,17,1000,geometry_only | mlp,geometry_only | ridge,0.8
uptake(mmol/g) CO2 at 0.15 bar,17,1000,geometry_only | mlp,geometry_plus_topology | hgb,0.0
uptake(mmol/g) CO2 at 0.15 bar,17,1000,geometry_only | mlp,geometry_plus_topology | mlp,0.0
uptake(mmol/g) CO2 at 0.15 bar,17,1000,geometry_only | mlp,geometry_plus_topology | rf,0.0
uptake(mmol/g) CO2 at 0.15 bar,17,1000,geometry_only | mlp,geometry_plus_topology | ridge,0.0
uptake(mmol/g) CO2 at 0.15 bar,17,1000,geometry_only | mlp,topology_only | hgb,1.0
uptake(mmol/g) CO2 at 0.15 bar,17,1000,geometry_only | mlp,topology_only | mlp,1.0
uptake(mmol/g) CO2 at 0.15 bar,17,1000,geometry_only | mlp,topology_only | rf,1.0
uptake(mmol/g) CO2 at 0.15 bar,17,1000,geometry_only | mlp,topology_only | ridge,1.0
uptake(mmol/g) CO2 at 0.15 bar,17,1000,geometry_only | rf,enriched_interpretable | hgb,0.8
uptake(mmol/g) CO2 at 0.15 bar,17,1000,geometry_only | rf,enriched_interpretable | mlp,0.9
uptake(mmol/g) CO2 at 0.15 bar,17,1000,geometry_only | rf,enriched_interpretable | rf,0.1
uptake(mmol/g) CO2 at 0.15 bar,17,1000,geometry_only | rf,enriched_interpretable | ridge,1.0
uptake(mmol/g) CO2 at 0.15 bar,17,1000,geometry_only | rf,geometry_only | hgb,1.0
uptake(mmol/g) CO2 at 0.15 bar,17,1000,geometry_only | rf,geometry_only | mlp,1.0
uptake(mmol/g) CO2 at 0.15 bar,17,1000,geometry_only | rf,geometry_only | rf,0.5
uptake(mmol/g) CO2 at 0.15 bar,17,1000,geometry_only | rf,geometry_only | ridge,1.0
uptake(mmol/g) CO2 at 0.15 bar,17,1000,geometry_only | rf,geometry_plus_topology | hgb,0.0
uptake(mmol/g) CO2 at 0.15 bar,17,1000,geometry_only | rf,geometry_plus_topology | mlp,0.1
uptake(mmol/g) CO2 at 0.15 bar,17,1000,geometry_only | rf,geometry_plus_topology | rf,0.0
uptake(mmol/g) CO2 at 0.15 bar,17,1000,geometry_only | rf,geometry_plus_topology | ridge,0.5
uptake(mmol/g) CO2 at 0.15 bar,17,1000,geometry_only | rf,topology_only | hgb,1.0
uptake(mmol/g) CO2 at 0.15 bar,17,1000,geometry_only | rf,topology_only | mlp,1.0
uptake(mmol/g) CO2 at 0.15 bar,17,1000,geometry_only | rf,topology_only | rf,1.0
uptake(mmol/g) CO2 at 0.15 bar,17,1000,geometry_only | rf,topology_only | ridge,1.0
uptake(mmol/g) CO2 at 0.15 bar,17,1000,geometry_only | ridge,enriched_interpretable | hgb,0.0
uptake(mmol/g) CO2 at 0.15 bar,17,1000,geometry_only | ridge,enriched_interpretable | mlp,0.1
uptake(mmol/g) CO2 at 0.15 bar,17,1000,geometry_only | ridge,enriched_interpretable | rf,0.0
uptake(mmol/g) CO2 at 0.15 bar,17,1000,geometry_only | ridge,enriched_interpretable | ridge,0.0
uptake(mmol/g) CO2 at 0.15 bar,17,1000,geometry_only | ridge,geometry_only | hgb,0.0
uptake(mmol/g) CO2 at 0.15 bar,17,1000,geometry_only | ridge,geometry_only | mlp,0.2
uptake(mmol/g) CO2 at 0.15 bar,17,1000,geometry_only | ridge,geometry_only | rf,0.0
uptake(mmol/g) CO2 at 0.15 bar,17,1000,geometry_only | ridge,geometry_only | ridge,0.5
uptake(mmol/g) CO2 at 0.15 bar,17,1000,geometry_only | ridge,geometry_plus_topology | hgb,0.0
uptake(mmol/g) CO2 at 0.15 bar,17,1000,geometry_only | ridge,geometry_plus_topology | mlp,0.0
uptake(mmol/g) CO2 at 0.15 bar,17,1000,geometry_only | ridge,geometry_plus_topology | rf,0.0
uptake(mmol/g) CO2 at 0.15 bar,17,1000,geometry_only | ridge,geometry_plus_topology | ridge,0.0
uptake(mmol/g) CO2 at 0.15 bar,17,1000,geometry_only | ridge,topology_only | hgb,1.0
uptake(mmol/g) CO2 at 0.15 bar,17,1000,geometry_only | ridge,topology_only | mlp,1.0
uptake(mmol/g) CO2 at 0.15 bar,17,1000,geometry_only | ridge,topology_only | rf,1.0
uptake(mmol/g) CO2 at 0.15 bar,17,1000,geometry_only | ridge,topology_only | ridge,1.0
uptake(mmol/g) CO2 at 0.15 bar,17,1000,geometry_plus_topology | hgb,enriched_interpretable | hgb,1.0
uptake(mmol/g) CO2 at 0.15 bar,17,1000,geometry_plus_topology | hgb,enriched_interpretable | mlp,1.0
uptake(mmol/g) CO2 at 0.15 bar,17,1000,geometry_plus_topology | hgb,enriched_interpretable | rf,1.0
uptake(mmol/g) CO2 at 0.15 bar,17,1000,geometry_plus_topology | hgb,enriched_interpretable | ridge,1.0
uptake(mmol/g) CO2 at 0.15 bar,17,1000,geometry_plus_topology | hgb,geometry_only | hgb,1.0
uptake(mmol/g) CO2 at 0.15 bar,17,1000,geometry_plus_topology | hgb,geometry_only | mlp,1.0
uptake(mmol/g) CO2 at 0.15 bar,17,1000,geometry_plus_topology | hgb,geometry_only | rf,1.0
uptake(mmol/g) CO2 at 0.15 bar,17,1000,geometry_plus_topology | hgb,geometry_only | ridge,1.0
uptake(mmol/g) CO2 at 0.15 bar,17,1000,geometry_plus_topology | hgb,geometry_plus_topology | hgb,0.5
uptake(mmol/g) CO2 at 0.15 bar,17,1000,geometry_plus_topology | hgb,geometry_plus_topology | mlp,0.6
uptake(mmol/g) CO2 at 0.15 bar,17,1000,geometry_plus_topology | hgb,geometry_plus_topology | rf,0.0
uptake(mmol/g) CO2 at 0.15 bar,17,1000,geometry_plus_topology | hgb,geometry_plus_topology | ridge,1.0
uptake(mmol/g) CO2 at 0.15 bar,17,1000,geometry_plus_topology | hgb,topology_only | hgb,1.0
uptake(mmol/g) CO2 at 0.15 bar,17,1000,geometry_plus_topology | hgb,topology_only | mlp,1.0
uptake(mmol/g) CO2 at 0.15 bar,17,1000,geometry_plus_topology | hgb,topology_only | rf,1.0
uptake(mmol/g) CO2 at 0.15 bar,17,1000,geometry_plus_topology | hgb,topology_only | ridge,1.0
uptake(mmol/g) CO2 at 0.15 bar,17,1000,geometry_plus_topology | mlp,enriched_interpretable | hgb,1.0
uptake(mmol/g) CO2 at 0.15 bar,17,1000,geometry_plus_topology | mlp,enriched_interpretable | mlp,0.9
uptake(mmol/g) CO2 at 0.15 bar,17,1000,geometry_plus_topology | mlp,enriched_interpretable | rf,0.9
uptake(mmol/g) CO2 at 0.15 bar,17,1000,geometry_plus_topology | mlp,enriched_interpretable | ridge,1.0
uptake(mmol/g) CO2 at 0.15 bar,17,1000,geometry_plus_topology | mlp,geometry_only | hgb,1.0
uptake(mmol/g) CO2 at 0.15 bar,17,1000,geometry_plus_topology | mlp,geometry_only | mlp,1.0
uptake(mmol/g) CO2 at 0.15 bar,17,1000,geometry_plus_topology | mlp,geometry_only | rf,0.9
uptake(mmol/g) CO2 at 0.15 bar,17,1000,geometry_plus_topology | mlp,geometry_only | ridge,1.0
uptake(mmol/g) CO2 at 0.15 bar,17,1000,geometry_plus_topology | mlp,geometry_plus_topology | hgb,0.4
uptake(mmol/g) CO2 at 0.15 bar,17,1000,geometry_plus_topology | mlp,geometry_plus_topology | mlp,0.5
uptake(mmol/g) CO2 at 0.15 bar,17,1000,geometry_plus_topology | mlp,geometry_plus_topology | rf,0.2
uptake(mmol/g) CO2 at 0.15 bar,17,1000,geometry_plus_topology | mlp,geometry_plus_topology | ridge,0.9
uptake(mmol/g) CO2 at 0.15 bar,17,1000,geometry_plus_topology | mlp,topology_only | hgb,1.0
uptake(mmol/g) CO2 at 0.15 bar,17,1000,geometry_plus_topology | mlp,topology_only | mlp,1.0
uptake(mmol/g) CO2 at 0.15 bar,17,1000,geometry_plus_topology | mlp,topology_only | rf,1.0
uptake(mmol/g) CO2 at 0.15 bar,17,1000,geometry_plus_topology | mlp,topology_only | ridge,1.0
uptake(mmol/g) CO2 at 0.15 bar,17,1000,geometry_plus_topology | rf,enriched_interpretable | hgb,1.0
uptake(mmol/g) CO2 at 0.15 bar,17,1000,geometry_plus_topology | rf,enriched_interpretable | mlp,1.0
uptake(mmol/g) CO2 at 0.15 bar,17,1000,geometry_plus_topology | rf,enriched_interpretable | rf,1.0
uptake(mmol/g) CO2 at 0.15 bar,17,1000,geometry_plus_topology | rf,enriched_interpretable | ridge,1.0
uptake(mmol/g) CO2 at 0.15 bar,17,1000,geometry_plus_topology | rf,geometry_only | hgb,1.0
uptake(mmol/g) CO2 at 0.15 bar,17,1000,geometry_plus_topology | rf,geometry_only | mlp,1.0
uptake(mmol/g) CO2 at 0.15 bar,17,1000,geometry_plus_topology | rf,geometry_only | rf,1.0
uptake(mmol/g) CO2 at 0.15 bar,17,1000,geometry_plus_topology | rf,geometry_only | ridge,1.0
uptake(mmol/g) CO2 at 0.15 bar,17,1000,geometry_plus_topology | rf,geometry_plus_topology | hgb,1.0
uptake(mmol/g) CO2 at 0.15 bar,17,1000,geometry_plus_topology | rf,geometry_plus_topology | mlp,0.8
uptake(mmol/g) CO2 at 0.15 bar,17,1000,geometry_plus_topology | rf,geometry_plus_topology | rf,0.5
uptake(mmol/g) CO2 at 0.15 bar,17,1000,geometry_plus_topology | rf,geometry_plus_topology | ridge,1.0
uptake(mmol/g) CO2 at 0.15 bar,17,1000,geometry_plus_topology | rf,topology_only | hgb,1.0
uptake(mmol/g) CO2 at 0.15 bar,17,1000,geometry_plus_topology | rf,topology_only | mlp,1.0
uptake(mmol/g) CO2 at 0.15 bar,17,1000,geometry_plus_topology | rf,topology_only | rf,1.0
uptake(mmol/g) CO2 at 0.15 bar,17,1000,geometry_plus_topology | rf,topology_only | ridge,1.0
uptake(mmol/g) CO2 at 0.15 bar,17,1000,geometry_plus_topology | ridge,enriched_interpretable | hgb,0.8
uptake(mmol/g) CO2 at 0.15 bar,17,1000,geometry_plus_topology | ridge,enriched_interpretable | mlp,0.8
uptake(mmol/g) CO2 at 0.15 bar,17,1000,geometry_plus_topology | ridge,enriched_interpretable | rf,0.1
uptake(mmol/g) CO2 at 0.15 bar,17,1000,geometry_plus_topology | ridge,enriched_interpretable | ridge,1.0
uptake(mmol/g) CO2 at 0.15 bar,17,1000,geometry_plus_topology | ridge,geometry_only | hgb,1.0
uptake(mmol/g) CO2 at 0.15 bar,17,1000,geometry_plus_topology | ridge,geometry_only | mlp,1.0
uptake(mmol/g) CO2 at 0.15 bar,17,1000,geometry_plus_topology | ridge,geometry_only | rf,0.5
uptake(mmol/g) CO2 at 0.15 bar,17,1000,geometry_plus_topology | ridge,geometry_only | ridge,1.0
uptake(mmol/g) CO2 at 0.15 bar,17,1000,geometry_plus_topology | ridge,geometry_plus_topology | hgb,0.0
uptake(mmol/g) CO2 at 0.15 bar,17,1000,geometry_plus_topology | ridge,geometry_plus_topology | mlp,0.1
uptake(mmol/g) CO2 at 0.15 bar,17,1000,geometry_plus_topology | ridge,geometry_plus_topology | rf,0.0
uptake(mmol/g) CO2 at 0.15 bar,17,1000,geometry_plus_topology | ridge,geometry_plus_topology | ridge,0.5
uptake(mmol/g) CO2 at 0.15 bar,17,1000,geometry_plus_topology | ridge,topology_only | hgb,1.0
uptake(mmol/g) CO2 at 0.15 bar,17,1000,geometry_plus_topology | ridge,topology_only | mlp,1.0
uptake(mmol/g) CO2 at 0.15 bar,17,1000,geometry_plus_topology | ridge,topology_only | rf,1.0
uptake(mmol/g) CO2 at 0.15 bar,17,1000,geometry_plus_topology | ridge,topology_only | ridge,1.0
uptake(mmol/g) CO2 at 0.15 bar,17,1000,topology_only | hgb,enriched_interpretable | hgb,0.0
uptake(mmol/g) CO2 at 0.15 bar,17,1000,topology_only | hgb,enriched_interpretable | mlp,0.0
uptake(mmol/g) CO2 at 0.15 bar,17,1000,topology_only | hgb,enriched_interpretable | rf,0.0
uptake(mmol/g) CO2 at 0.15 bar,17,1000,topology_only | hgb,enriched_interpretable | ridge,0.0
uptake(mmol/g) CO2 at 0.15 bar,17,1000,topology_only | hgb,geometry_only | hgb,0.0
uptake(mmol/g) CO2 at 0.15 bar,17,1000,topology_only | hgb,geometry_only | mlp,0.0
uptake(mmol/g) CO2 at 0.15 bar,17,1000,topology_only | hgb,geometry_only | rf,0.0
uptake(mmol/g) CO2 at 0.15 bar,17,1000,topology_only | hgb,geometry_only | ridge,0.0
uptake(mmol/g) CO2 at 0.15 bar,17,1000,topology_only | hgb,geometry_plus_topology | hgb,0.0
uptake(mmol/g) CO2 at 0.15 bar,17,1000,topology_only | hgb,geometry_plus_topology | mlp,0.0
uptake(mmol/g) CO2 at 0.15 bar,17,1000,topology_only | hgb,geometry_plus_topology | rf,0.0
uptake(mmol/g) CO2 at 0.15 bar,17,1000,topology_only | hgb,geometry_plus_topology | ridge,0.0
uptake(mmol/g) CO2 at 0.15 bar,17,1000,topology_only | hgb,topology_only | hgb,0.5
uptake(mmol/g) CO2 at 0.15 bar,17,1000,topology_only | hgb,topology_only | mlp,0.3
uptake(mmol/g) CO2 at 0.15 bar,17,1000,topology_only | hgb,topology_only | rf,0.0
uptake(mmol/g) CO2 at 0.15 bar,17,1000,topology_only | hgb,topology_only | ridge,0.0
uptake(mmol/g) CO2 at 0.15 bar,17,1000,topology_only | mlp,enriched_interpretable | hgb,0.0
uptake(mmol/g) CO2 at 0.15 bar,17,1000,topology_only | mlp,enriched_interpretable | mlp,0.0
uptake(mmol/g) CO2 at 0.15 bar,17,1000,topology_only | mlp,enriched_interpretable | rf,0.0
uptake(mmol/g) CO2 at 0.15 bar,17,1000,topology_only | mlp,enriched_interpretable | ridge,0.0
uptake(mmol/g) CO2 at 0.15 bar,17,1000,topology_only | mlp,geometry_only | hgb,0.0
uptake(mmol/g) CO2 at 0.15 bar,17,1000,topology_only | mlp,geometry_only | mlp,0.0
uptake(mmol/g) CO2 at 0.15 bar,17,1000,topology_only | mlp,geometry_only | rf,0.0
uptake(mmol/g) CO2 at 0.15 bar,17,1000,topology_only | mlp,geometry_only | ridge,0.0
uptake(mmol/g) CO2 at 0.15 bar,17,1000,topology_only | mlp,geometry_plus_topology | hgb,0.0
uptake(mmol/g) CO2 at 0.15 bar,17,1000,topology_only | mlp,geometry_plus_topology | mlp,0.0
uptake(mmol/g) CO2 at 0.15 bar,17,1000,topology_only | mlp,geometry_plus_topology | rf,0.0
uptake(mmol/g) CO2 at 0.15 bar,17,1000,topology_only | mlp,geometry_plus_topology | ridge,0.0
uptake(mmol/g) CO2 at 0.15 bar,17,1000,topology_only | mlp,topology_only | hgb,0.7
uptake(mmol/g) CO2 at 0.15 bar,17,1000,topology_only | mlp,topology_only | mlp,0.5
uptake(mmol/g) CO2 at 0.15 bar,17,1000,topology_only | mlp,topology_only | rf,0.2
uptake(mmol/g) CO2 at 0.15 bar,17,1000,topology_only | mlp,topology_only | ridge,0.3
uptake(mmol/g) CO2 at 0.15 bar,17,1000,topology_only | rf,enriched_interpretable | hgb,0.0
uptake(mmol/g) CO2 at 0.15 bar,17,1000,topology_only | rf,enriched_interpretable | mlp,0.0
uptake(mmol/g) CO2 at 0.15 bar,17,1000,topology_only | rf,enriched_interpretable | rf,0.0
uptake(mmol/g) CO2 at 0.15 bar,17,1000,topology_only | rf,enriched_interpretable | ridge,0.0
uptake(mmol/g) CO2 at 0.15 bar,17,1000,topology_only | rf,geometry_only | hgb,0.0
uptake(mmol/g) CO2 at 0.15 bar,17,1000,topology_only | rf,geometry_only | mlp,0.0
uptake(mmol/g) CO2 at 0.15 bar,17,1000,topology_only | rf,geometry_only | rf,0.0
uptake(mmol/g) CO2 at 0.15 bar,17,1000,topology_only | rf,geometry_only | ridge,0.0
uptake(mmol/g) CO2 at 0.15 bar,17,1000,topology_only | rf,geometry_plus_topology | hgb,0.0
uptake(mmol/g) CO2 at 0.15 bar,17,1000,topology_only | rf,geometry_plus_topology | mlp,0.0
uptake(mmol/g) CO2 at 0.15 bar,17,1000,topology_only | rf,geometry_plus_topology | rf,0.0
uptake(mmol/g) CO2 at 0.15 bar,17,1000,topology_only | rf,geometry_plus_topology | ridge,0.0
uptake(mmol/g) CO2 at 0.15 bar,17,1000,topology_only | rf,topology_only | hgb,1.0
uptake(mmol/g) CO2 at 0.15 bar,17,1000,topology_only | rf,topology_only | mlp,0.8
uptake(mmol/g) CO2 at 0.15 bar,17,1000,topology_only | rf,topology_only | rf,0.5
uptake(mmol/g) CO2 at 0.15 bar,17,1000,topology_only | rf,topology_only | ridge,0.3
uptake(mmol/g) CO2 at 0.15 bar,17,1000,topology_only | ridge,enriched_interpretable | hgb,0.0
uptake(mmol/g) CO2 at 0.15 bar,17,1000,topology_only | ridge,enriched_interpretable | mlp,0.0
uptake(mmol/g) CO2 at 0.15 bar,17,1000,topology_only | ridge,enriched_interpretable | rf,0.0
uptake(mmol/g) CO2 at 0.15 bar,17,1000,topology_only | ridge,enriched_interpretable | ridge,0.0
uptake(mmol/g) CO2 at 0.15 bar,17,1000,topology_only | ridge,geometry_only | hgb,0.0
uptake(mmol/g) CO2 at 0.15 bar,17,1000,topology_only | ridge,geometry_only | mlp,0.0
uptake(mmol/g) CO2 at 0.15 bar,17,1000,topology_only | ridge,geometry_only | rf,0.0
uptake(mmol/g) CO2 at 0.15 bar,17,1000,topology_only | ridge,geometry_only | ridge,0.0
uptake(mmol/g) CO2 at 0.15 bar,17,1000,topology_only | ridge,geometry_plus_topology | hgb,0.0
uptake(mmol/g) CO2 at 0.15 bar,17,1000,topology_only | ridge,geometry_plus_topology | mlp,0.0
uptake(mmol/g) CO2 at 0.15 bar,17,1000,topology_only | ridge,geometry_plus_topology | rf,0.0
uptake(mmol/g) CO2 at 0.15 bar,17,1000,topology_only | ridge,geometry_plus_topology | ridge,0.0
uptake(mmol/g) CO2 at 0.15 bar,17,1000,topology_only | ridge,topology_only | hgb,1.0
uptake(mmol/g) CO2 at 0.15 bar,17,1000,topology_only | ridge,topology_only | mlp,0.7
uptake(mmol/g) CO2 at 0.15 bar,17,1000,topology_only | ridge,topology_only | rf,0.7
uptake(mmol/g) CO2 at 0.15 bar,17,1000,topology_only | ridge,topology_only | ridge,0.5
uptake(mmol/g) CO2 at 0.15 bar,17,10000,enriched_interpretable | hgb,enriched_interpretable | hgb,0.5
uptake(mmol/g) CO2 at 0.15 bar,17,10000,enriched_interpretable | hgb,enriched_interpretable | mlp,1.0
uptake(mmol/g) CO2 at 0.15 bar,17,10000,enriched_interpretable | hgb,enriched_interpretable | rf,0.7
uptake(mmol/g) CO2 at 0.15 bar,17,10000,enriched_interpretable | hgb,enriched_interpretable | ridge,1.0
uptake(mmol/g) CO2 at 0.15 bar,17,10000,enriched_interpretable | hgb,geometry_only | hgb,1.0
uptake(mmol/g) CO2 at 0.15 bar,17,10000,enriched_interpretable | hgb,geometry_only | mlp,1.0
uptake(mmol/g) CO2 at 0.15 bar,17,10000,enriched_interpretable | hgb,geometry_only | rf,1.0
uptake(mmol/g) CO2 at 0.15 bar,17,10000,enriched_interpretable | hgb,geometry_only | ridge,1.0
uptake(mmol/g) CO2 at 0.15 bar,17,10000,enriched_interpretable | hgb,geometry_plus_topology | hgb,0.0
uptake(mmol/g) CO2 at 0.15 bar,17,10000,enriched_interpretable | hgb,geometry_plus_topology | mlp,0.1
uptake(mmol/g) CO2 at 0.15 bar,17,10000,enriched_interpretable | hgb,geometry_plus_topology | rf,0.0
uptake(mmol/g) CO2 at 0.15 bar,17,10000,enriched_interpretable | hgb,geometry_plus_topology | ridge,1.0
uptake(mmol/g) CO2 at 0.15 bar,17,10000,enriched_interpretable | hgb,topology_only | hgb,1.0
uptake(mmol/g) CO2 at 0.15 bar,17,10000,enriched_interpretable | hgb,topology_only | mlp,1.0
uptake(mmol/g) CO2 at 0.15 bar,17,10000,enriched_interpretable | hgb,topology_only | rf,1.0
uptake(mmol/g) CO2 at 0.15 bar,17,10000,enriched_interpretable | hgb,topology_only | ridge,1.0
uptake(mmol/g) CO2 at 0.15 bar,17,10000,enriched_interpretable | mlp,enriched_interpretable | hgb,0.0
uptake(mmol/g) CO2 at 0.15 bar,17,10000,enriched_interpretable | mlp,enriched_interpretable | mlp,0.5
uptake(mmol/g) CO2 at 0.15 bar,17,10000,enriched_interpretable | mlp,enriched_interpretable | rf,0.0
uptake(mmol/g) CO2 at 0.15 bar,17,10000,enriched_interpretable | mlp,enriched_interpretable | ridge,1.0
uptake(mmol/g) CO2 at 0.15 bar,17,10000,enriched_interpretable | mlp,geometry_only | hgb,0.0
uptake(mmol/g) CO2 at 0.15 bar,17,10000,enriched_interpretable | mlp,geometry_only | mlp,0.7
uptake(mmol/g) CO2 at 0.15 bar,17,10000,enriched_interpretable | mlp,geometry_only | rf,0.0
uptake(mmol/g) CO2 at 0.15 bar,17,10000,enriched_interpretable | mlp,geometry_only | ridge,1.0
uptake(mmol/g) CO2 at 0.15 bar,17,10000,enriched_interpretable | mlp,geometry_plus_topology | hgb,0.0
uptake(mmol/g) CO2 at 0.15 bar,17,10000,enriched_interpretable | mlp,geometry_plus_topology | mlp,0.0
uptake(mmol/g) CO2 at 0.15 bar,17,10000,enriched_interpretable | mlp,geometry_plus_topology | rf,0.0
uptake(mmol/g) CO2 at 0.15 bar,17,10000,enriched_interpretable | mlp,geometry_plus_topology | ridge,1.0
uptake(mmol/g) CO2 at 0.15 bar,17,10000,enriched_interpretable | mlp,topology_only | hgb,1.0
uptake(mmol/g) CO2 at 0.15 bar,17,10000,enriched_interpretable | mlp,topology_only | mlp,1.0
uptake(mmol/g) CO2 at 0.15 bar,17,10000,enriched_interpretable | mlp,topology_only | rf,1.0
uptake(mmol/g) CO2 at 0.15 bar,17,10000,enriched_interpretable | mlp,topology_only | ridge,1.0
uptake(mmol/g) CO2 at 0.15 bar,17,10000,enriched_interpretable | rf,enriched_interpretable | hgb,0.3
uptake(mmol/g) CO2 at 0.15 bar,17,10000,enriched_interpretable | rf,enriched_interpretable | mlp,1.0
uptake(mmol/g) CO2 at 0.15 bar,17,10000,enriched_interpretable | rf,enriched_interpretable | rf,0.5
uptake(mmol/g) CO2 at 0.15 bar,17,10000,enriched_interpretable | rf,enriched_interpretable | ridge,1.0
uptake(mmol/g) CO2 at 0.15 bar,17,10000,enriched_interpretable | rf,geometry_only | hgb,1.0
uptake(mmol/g) CO2 at 0.15 bar,17,10000,enriched_interpretable | rf,geometry_only | mlp,1.0
uptake(mmol/g) CO2 at 0.15 bar,17,10000,enriched_interpretable | rf,geometry_only | rf,1.0
uptake(mmol/g) CO2 at 0.15 bar,17,10000,enriched_interpretable | rf,geometry_only | ridge,1.0
uptake(mmol/g) CO2 at 0.15 bar,17,10000,enriched_interpretable | rf,geometry_plus_topology | hgb,0.0
uptake(mmol/g) CO2 at 0.15 bar,17,10000,enriched_interpretable | rf,geometry_plus_topology | mlp,0.1
uptake(mmol/g) CO2 at 0.15 bar,17,10000,enriched_interpretable | rf,geometry_plus_topology | rf,0.0
uptake(mmol/g) CO2 at 0.15 bar,17,10000,enriched_interpretable | rf,geometry_plus_topology | ridge,1.0
uptake(mmol/g) CO2 at 0.15 bar,17,10000,enriched_interpretable | rf,topology_only | hgb,1.0
uptake(mmol/g) CO2 at 0.15 bar,17,10000,enriched_interpretable | rf,topology_only | mlp,1.0
uptake(mmol/g) CO2 at 0.15 bar,17,10000,enriched_interpretable | rf,topology_only | rf,1.0
uptake(mmol/g) CO2 at 0.15 bar,17,10000,enriched_interpretable | rf,topology_only | ridge,1.0
uptake(mmol/g) CO2 at 0.15 bar,17,10000,enriched_interpretable | ridge,enriched_interpretable | hgb,0.0
uptake(mmol/g) CO2 at 0.15 bar,17,10000,enriched_interpretable | ridge,enriched_interpretable | mlp,0.0
uptake(mmol/g) CO2 at 0.15 bar,17,10000,enriched_interpretable | ridge,enriched_interpretable | rf,0.0
uptake(mmol/g) CO2 at 0.15 bar,17,10000,enriched_interpretable | ridge,enriched_interpretable | ridge,0.5
uptake(mmol/g) CO2 at 0.15 bar,17,10000,enriched_interpretable | ridge,geometry_only | hgb,0.0
uptake(mmol/g) CO2 at 0.15 bar,17,10000,enriched_interpretable | ridge,geometry_only | mlp,0.0
uptake(mmol/g) CO2 at 0.15 bar,17,10000,enriched_interpretable | ridge,geometry_only | rf,0.0
uptake(mmol/g) CO2 at 0.15 bar,17,10000,enriched_interpretable | ridge,geometry_only | ridge,1.0
uptake(mmol/g) CO2 at 0.15 bar,17,10000,enriched_interpretable | ridge,geometry_plus_topology | hgb,0.0
uptake(mmol/g) CO2 at 0.15 bar,17,10000,enriched_interpretable | ridge,geometry_plus_topology | mlp,0.0
uptake(mmol/g) CO2 at 0.15 bar,17,10000,enriched_interpretable | ridge,geometry_plus_topology | rf,0.0
uptake(mmol/g) CO2 at 0.15 bar,17,10000,enriched_interpretable | ridge,geometry_plus_topology | ridge,0.0
uptake(mmol/g) CO2 at 0.15 bar,17,10000,enriched_interpretable | ridge,topology_only | hgb,1.0
uptake(mmol/g) CO2 at 0.15 bar,17,10000,enriched_interpretable | ridge,topology_only | mlp,1.0
uptake(mmol/g) CO2 at 0.15 bar,17,10000,enriched_interpretable | ridge,topology_only | rf,1.0
uptake(mmol/g) CO2 at 0.15 bar,17,10000,enriched_interpretable | ridge,topology_only | ridge,1.0
uptake(mmol/g) CO2 at 0.15 bar,17,10000,geometry_only | hgb,enriched_interpretable | hgb,0.0
uptake(mmol/g) CO2 at 0.15 bar,17,10000,geometry_only | hgb,enriched_interpretable | mlp,1.0
uptake(mmol/g) CO2 at 0.15 bar,17,10000,geometry_only | hgb,enriched_interpretable | rf,0.0
uptake(mmol/g) CO2 at 0.15 bar,17,10000,geometry_only | hgb,enriched_interpretable | ridge,1.0
uptake(mmol/g) CO2 at 0.15 bar,17,10000,geometry_only | hgb,geometry_only | hgb,0.5
uptake(mmol/g) CO2 at 0.15 bar,17,10000,geometry_only | hgb,geometry_only | mlp,1.0
uptake(mmol/g) CO2 at 0.15 bar,17,10000,geometry_only | hgb,geometry_only | rf,0.1
uptake(mmol/g) CO2 at 0.15 bar,17,10000,geometry_only | hgb,geometry_only | ridge,1.0
uptake(mmol/g) CO2 at 0.15 bar,17,10000,geometry_only | hgb,geometry_plus_topology | hgb,0.0
uptake(mmol/g) CO2 at 0.15 bar,17,10000,geometry_only | hgb,geometry_plus_topology | mlp,0.0
uptake(mmol/g) CO2 at 0.15 bar,17,10000,geometry_only | hgb,geometry_plus_topology | rf,0.0
uptake(mmol/g) CO2 at 0.15 bar,17,10000,geometry_only | hgb,geometry_plus_topology | ridge,1.0
uptake(mmol/g) CO2 at 0.15 bar,17,10000,geometry_only | hgb,topology_only | hgb,1.0
uptake(mmol/g) CO2 at 0.15 bar,17,10000,geometry_only | hgb,topology_only | mlp,1.0
uptake(mmol/g) CO2 at 0.15 bar,17,10000,geometry_only | hgb,topology_only | rf,1.0
uptake(mmol/g) CO2 at 0.15 bar,17,10000,geometry_only | hgb,topology_only | ridge,1.0
uptake(mmol/g) CO2 at 0.15 bar,17,10000,geometry_only | mlp,enriched_interpretable | hgb,0.0
uptake(mmol/g) CO2 at 0.15 bar,17,10000,geometry_only | mlp,enriched_interpretable | mlp,0.3
uptake(mmol/g) CO2 at 0.15 bar,17,10000,geometry_only | mlp,enriched_interpretable | rf,0.0
uptake(mmol/g) CO2 at 0.15 bar,17,10000,geometry_only | mlp,enriched_interpretable | ridge,1.0
uptake(mmol/g) CO2 at 0.15 bar,17,10000,geometry_only | mlp,geometry_only | hgb,0.0
uptake(mmol/g) CO2 at 0.15 bar,17,10000,geometry_only | mlp,geometry_only | mlp,0.5
uptake(mmol/g) CO2 at 0.15 bar,17,10000,geometry_only | mlp,geometry_only | rf,0.0
uptake(mmol/g) CO2 at 0.15 bar,17,10000,geometry_only | mlp,geometry_only | ridge,1.0
uptake(mmol/g) CO2 at 0.15 bar,17,10000,geometry_only | mlp,geometry_plus_topology | hgb,0.0
uptake(mmol/g) CO2 at 0.15 bar,17,10000,geometry_only | mlp,geometry_plus_topology | mlp,0.0
uptake(mmol/g) CO2 at 0.15 bar,17,10000,geometry_only | mlp,geometry_plus_topology | rf,0.0
uptake(mmol/g) CO2 at 0.15 bar,17,10000,geometry_only | mlp,geometry_plus_topology | ridge,1.0
uptake(mmol/g) CO2 at 0.15 bar,17,10000,geometry_only | mlp,topology_only | hgb,1.0
uptake(mmol/g) CO2 at 0.15 bar,17,10000,geometry_only | mlp,topology_only | mlp,1.0
uptake(mmol/g) CO2 at 0.15 bar,17,10000,geometry_only | mlp,topology_only | rf,1.0
uptake(mmol/g) CO2 at 0.15 bar,17,10000,geometry_only | mlp,topology_only | ridge,1.0
uptake(mmol/g) CO2 at 0.15 bar,17,10000,geometry_only | rf,enriched_interpretable | hgb,0.0
uptake(mmol/g) CO2 at 0.15 bar,17,10000,geometry_only | rf,enriched_interpretable | mlp,1.0
uptake(mmol/g) CO2 at 0.15 bar,17,10000,geometry_only | rf,enriched_interpretable | rf,0.0
uptake(mmol/g) CO2 at 0.15 bar,17,10000,geometry_only | rf,enriched_interpretable | ridge,1.0
uptake(mmol/g) CO2 at 0.15 bar,17,10000,geometry_only | rf,geometry_only | hgb,0.9
uptake(mmol/g) CO2 at 0.15 bar,17,10000,geometry_only | rf,geometry_only | mlp,1.0
uptake(mmol/g) CO2 at 0.15 bar,17,10000,geometry_only | rf,geometry_only | rf,0.5
uptake(mmol/g) CO2 at 0.15 bar,17,10000,geometry_only | rf,geometry_only | ridge,1.0
uptake(mmol/g) CO2 at 0.15 bar,17,10000,geometry_only | rf,geometry_plus_topology | hgb,0.0
uptake(mmol/g) CO2 at 0.15 bar,17,10000,geometry_only | rf,geometry_plus_topology | mlp,0.0
uptake(mmol/g) CO2 at 0.15 bar,17,10000,geometry_only | rf,geometry_plus_topology | rf,0.0
uptake(mmol/g) CO2 at 0.15 bar,17,10000,geometry_only | rf,geometry_plus_topology | ridge,1.0
uptake(mmol/g) CO2 at 0.15 bar,17,10000,geometry_only | rf,topology_only | hgb,1.0
uptake(mmol/g) CO2 at 0.15 bar,17,10000,geometry_only | rf,topology_only | mlp,1.0
uptake(mmol/g) CO2 at 0.15 bar,17,10000,geometry_only | rf,topology_only | rf,1.0
uptake(mmol/g) CO2 at 0.15 bar,17,10000,geometry_only | rf,topology_only | ridge,1.0
uptake(mmol/g) CO2 at 0.15 bar,17,10000,geometry_only | ridge,enriched_interpretable | hgb,0.0
uptake(mmol/g) CO2 at 0.15 bar,17,10000,geometry_only | ridge,enriched_interpretable | mlp,0.0
uptake(mmol/g) CO2 at 0.15 bar,17,10000,geometry_only | ridge,enriched_interpretable | rf,0.0
uptake(mmol/g) CO2 at 0.15 bar,17,10000,geometry_only | ridge,enriched_interpretable | ridge,0.0
uptake(mmol/g) CO2 at 0.15 bar,17,10000,geometry_only | ridge,geometry_only | hgb,0.0
uptake(mmol/g) CO2 at 0.15 bar,17,10000,geometry_only | ridge,geometry_only | mlp,0.0
uptake(mmol/g) CO2 at 0.15 bar,17,10000,geometry_only | ridge,geometry_only | rf,0.0
uptake(mmol/g) CO2 at 0.15 bar,17,10000,geometry_only | ridge,geometry_only | ridge,0.5
uptake(mmol/g) CO2 at 0.15 bar,17,10000,geometry_only | ridge,geometry_plus_topology | hgb,0.0
uptake(mmol/g) CO2 at 0.15 bar,17,10000,geometry_only | ridge,geometry_plus_topology | mlp,0.0
uptake(mmol/g) CO2 at 0.15 bar,17,10000,geometry_only | ridge,geometry_plus_topology | rf,0.0
uptake(mmol/g) CO2 at 0.15 bar,17,10000,geometry_only | ridge,geometry_plus_topology | ridge,0.0
uptake(mmol/g) CO2 at 0.15 bar,17,10000,geometry_only | ridge,topology_only | hgb,1.0
uptake(mmol/g) CO2 at 0.15 bar,17,10000,geometry_only | ridge,topology_only | mlp,1.0
uptake(mmol/g) CO2 at 0.15 bar,17,10000,geometry_only | ridge,topology_only | rf,1.0
uptake(mmol/g) CO2 at 0.15 bar,17,10000,geometry_only | ridge,topology_only | ridge,1.0
uptake(mmol/g) CO2 at 0.15 bar,17,10000,geometry_plus_topology | hgb,enriched_interpretable | hgb,1.0
uptake(mmol/g) CO2 at 0.15 bar,17,10000,geometry_plus_topology | hgb,enriched_interpretable | mlp,1.0
uptake(mmol/g) CO2 at 0.15 bar,17,10000,geometry_plus_topology | hgb,enriched_interpretable | rf,1.0
uptake(mmol/g) CO2 at 0.15 bar,17,10000,geometry_plus_topology | hgb,enriched_interpretable | ridge,1.0
uptake(mmol/g) CO2 at 0.15 bar,17,10000,geometry_plus_topology | hgb,geometry_only | hgb,1.0
uptake(mmol/g) CO2 at 0.15 bar,17,10000,geometry_plus_topology | hgb,geometry_only | mlp,1.0
uptake(mmol/g) CO2 at 0.15 bar,17,10000,geometry_plus_topology | hgb,geometry_only | rf,1.0
uptake(mmol/g) CO2 at 0.15 bar,17,10000,geometry_plus_topology | hgb,geometry_only | ridge,1.0
uptake(mmol/g) CO2 at 0.15 bar,17,10000,geometry_plus_topology | hgb,geometry_plus_topology | hgb,0.5
uptake(mmol/g) CO2 at 0.15 bar,17,10000,geometry_plus_topology | hgb,geometry_plus_topology | mlp,1.0
uptake(mmol/g) CO2 at 0.15 bar,17,10000,geometry_plus_topology | hgb,geometry_plus_topology | rf,1.0
uptake(mmol/g) CO2 at 0.15 bar,17,10000,geometry_plus_topology | hgb,geometry_plus_topology | ridge,1.0
uptake(mmol/g) CO2 at 0.15 bar,17,10000,geometry_plus_topology | hgb,topology_only | hgb,1.0
uptake(mmol/g) CO2 at 0.15 bar,17,10000,geometry_plus_topology | hgb,topology_only | mlp,1.0
uptake(mmol/g) CO2 at 0.15 bar,17,10000,geometry_plus_topology | hgb,topology_only | rf,1.0
uptake(mmol/g) CO2 at 0.15 bar,17,10000,geometry_plus_topology | hgb,topology_only | ridge,1.0
uptake(mmol/g) CO2 at 0.15 bar,17,10000,geometry_plus_topology | mlp,enriched_interpretable | hgb,0.9
uptake(mmol/g) CO2 at 0.15 bar,17,10000,geometry_plus_topology | mlp,enriched_interpretable | mlp,1.0
uptake(mmol/g) CO2 at 0.15 bar,17,10000,geometry_plus_topology | mlp,enriched_interpretable | rf,0.9
uptake(mmol/g) CO2 at 0.15 bar,17,10000,geometry_plus_topology | mlp,enriched_interpretable | ridge,1.0
uptake(mmol/g) CO2 at 0.15 bar,17,10000,geometry_plus_topology | mlp,geometry_only | hgb,1.0
uptake(mmol/g) CO2 at 0.15 bar,17,10000,geometry_plus_topology | mlp,geometry_only | mlp,1.0
uptake(mmol/g) CO2 at 0.15 bar,17,10000,geometry_plus_topology | mlp,geometry_only | rf,1.0
uptake(mmol/g) CO2 at 0.15 bar,17,10000,geometry_plus_topology | mlp,geometry_only | ridge,1.0
uptake(mmol/g) CO2 at 0.15 bar,17,10000,geometry_plus_topology | mlp,geometry_plus_topology | hgb,0.0
uptake(mmol/g) CO2 at 0.15 bar,17,10000,geometry_plus_topology | mlp,geometry_plus_topology | mlp,0.5
uptake(mmol/g) CO2 at 0.15 bar,17,10000,geometry_plus_topology | mlp,geometry_plus_topology | rf,0.0
uptake(mmol/g) CO2 at 0.15 bar,17,10000,geometry_plus_topology | mlp,geometry_plus_topology | ridge,1.0
uptake(mmol/g) CO2 at 0.15 bar,17,10000,geometry_plus_topology | mlp,topology_only | hgb,1.0
uptake(mmol/g) CO2 at 0.15 bar,17,10000,geometry_plus_topology | mlp,topology_only | mlp,1.0
uptake(mmol/g) CO2 at 0.15 bar,17,10000,geometry_plus_topology | mlp,topology_only | rf,1.0
uptake(mmol/g) CO2 at 0.15 bar,17,10000,geometry_plus_topology | mlp,topology_only | ridge,1.0
uptake(mmol/g) CO2 at 0.15 bar,17,10000,geometry_plus_topology | rf,enriched_interpretable | hgb,1.0
uptake(mmol/g) CO2 at 0.15 bar,17,10000,geometry_plus_topology | rf,enriched_interpretable | mlp,1.0
uptake(mmol/g) CO2 at 0.15 bar,17,10000,geometry_plus_topology | rf,enriched_interpretable | rf,1.0
uptake(mmol/g) CO2 at 0.15 bar,17,10000,geometry_plus_topology | rf,enriched_interpretable | ridge,1.0
uptake(mmol/g) CO2 at 0.15 bar,17,10000,geometry_plus_topology | rf,geometry_only | hgb,1.0
uptake(mmol/g) CO2 at 0.15 bar,17,10000,geometry_plus_topology | rf,geometry_only | mlp,1.0
uptake(mmol/g) CO2 at 0.15 bar,17,10000,geometry_plus_topology | rf,geometry_only | rf,1.0
uptake(mmol/g) CO2 at 0.15 bar,17,10000,geometry_plus_topology | rf,geometry_only | ridge,1.0
uptake(mmol/g) CO2 at 0.15 bar,17,10000,geometry_plus_topology | rf,geometry_plus_topology | hgb,0.0
uptake(mmol/g) CO2 at 0.15 bar,17,10000,geometry_plus_topology | rf,geometry_plus_topology | mlp,1.0
uptake(mmol/g) CO2 at 0.15 bar,17,10000,geometry_plus_topology | rf,geometry_plus_topology | rf,0.5
uptake(mmol/g) CO2 at 0.15 bar,17,10000,geometry_plus_topology | rf,geometry_plus_topology | ridge,1.0
uptake(mmol/g) CO2 at 0.15 bar,17,10000,geometry_plus_topology | rf,topology_only | hgb,1.0
uptake(mmol/g) CO2 at 0.15 bar,17,10000,geometry_plus_topology | rf,topology_only | mlp,1.0
uptake(mmol/g) CO2 at 0.15 bar,17,10000,geometry_plus_topology | rf,topology_only | rf,1.0
uptake(mmol/g) CO2 at 0.15 bar,17,10000,geometry_plus_topology | rf,topology_only | ridge,1.0
uptake(mmol/g) CO2 at 0.15 bar,17,10000,geometry_plus_topology | ridge,enriched_interpretable | hgb,0.0
uptake(mmol/g) CO2 at 0.15 bar,17,10000,geometry_plus_topology | ridge,enriched_interpretable | mlp,0.0
uptake(mmol/g) CO2 at 0.15 bar,17,10000,geometry_plus_topology | ridge,enriched_interpretable | rf,0.0
uptake(mmol/g) CO2 at 0.15 bar,17,10000,geometry_plus_topology | ridge,enriched_interpretable | ridge,1.0
uptake(mmol/g) CO2 at 0.15 bar,17,10000,geometry_plus_topology | ridge,geometry_only | hgb,0.0
uptake(mmol/g) CO2 at 0.15 bar,17,10000,geometry_plus_topology | ridge,geometry_only | mlp,0.0
uptake(mmol/g) CO2 at 0.15 bar,17,10000,geometry_plus_topology | ridge,geometry_only | rf,0.0
uptake(mmol/g) CO2 at 0.15 bar,17,10000,geometry_plus_topology | ridge,geometry_only | ridge,1.0
uptake(mmol/g) CO2 at 0.15 bar,17,10000,geometry_plus_topology | ridge,geometry_plus_topology | hgb,0.0
uptake(mmol/g) CO2 at 0.15 bar,17,10000,geometry_plus_topology | ridge,geometry_plus_topology | mlp,0.0
uptake(mmol/g) CO2 at 0.15 bar,17,10000,geometry_plus_topology | ridge,geometry_plus_topology | rf,0.0
uptake(mmol/g) CO2 at 0.15 bar,17,10000,geometry_plus_topology | ridge,geometry_plus_topology | ridge,0.5
uptake(mmol/g) CO2 at 0.15 bar,17,10000,geometry_plus_topology | ridge,topology_only | hgb,1.0
uptake(mmol/g) CO2 at 0.15 bar,17,10000,geometry_plus_topology | ridge,topology_only | mlp,1.0
uptake(mmol/g) CO2 at 0.15 bar,17,10000,geometry_plus_topology | ridge,topology_only | rf,1.0
uptake(mmol/g) CO2 at 0.15 bar,17,10000,geometry_plus_topology | ridge,topology_only | ridge,1.0
uptake(mmol/g) CO2 at 0.15 bar,17,10000,topology_only | hgb,enriched_interpretable | hgb,0.0
uptake(mmol/g) CO2 at 0.15 bar,17,10000,topology_only | hgb,enriched_interpretable | mlp,0.0
uptake(mmol/g) CO2 at 0.15 bar,17,10000,topology_only | hgb,enriched_interpretable | rf,0.0
uptake(mmol/g) CO2 at 0.15 bar,17,10000,topology_only | hgb,enriched_interpretable | ridge,0.0
uptake(mmol/g) CO2 at 0.15 bar,17,10000,topology_only | hgb,geometry_only | hgb,0.0
uptake(mmol/g) CO2 at 0.15 bar,17,10000,topology_only | hgb,geometry_only | mlp,0.0
uptake(mmol/g) CO2 at 0.15 bar,17,10000,topology_only | hgb,geometry_only | rf,0.0
uptake(mmol/g) CO2 at 0.15 bar,17,10000,topology_only | hgb,geometry_only | ridge,0.0
uptake(mmol/g) CO2 at 0.15 bar,17,10000,topology_only | hgb,geometry_plus_topology | hgb,0.0
uptake(mmol/g) CO2 at 0.15 bar,17,10000,topology_only | hgb,geometry_plus_topology | mlp,0.0
uptake(mmol/g) CO2 at 0.15 bar,17,10000,topology_only | hgb,geometry_plus_topology | rf,0.0
uptake(mmol/g) CO2 at 0.15 bar,17,10000,topology_only | hgb,geometry_plus_topology | ridge,0.0
uptake(mmol/g) CO2 at 0.15 bar,17,10000,topology_only | hgb,topology_only | hgb,0.5
uptake(mmol/g) CO2 at 0.15 bar,17,10000,topology_only | hgb,topology_only | mlp,0.0
uptake(mmol/g) CO2 at 0.15 bar,17,10000,topology_only | hgb,topology_only | rf,0.0
uptake(mmol/g) CO2 at 0.15 bar,17,10000,topology_only | hgb,topology_only | ridge,0.0
uptake(mmol/g) CO2 at 0.15 bar,17,10000,topology_only | mlp,enriched_interpretable | hgb,0.0
uptake(mmol/g) CO2 at 0.15 bar,17,10000,topology_only | mlp,enriched_interpretable | mlp,0.0
uptake(mmol/g) CO2 at 0.15 bar,17,10000,topology_only | mlp,enriched_interpretable | rf,0.0
uptake(mmol/g) CO2 at 0.15 bar,17,10000,topology_only | mlp,enriched_interpretable | ridge,0.0
uptake(mmol/g) CO2 at 0.15 bar,17,10000,topology_only | mlp,geometry_only | hgb,0.0
uptake(mmol/g) CO2 at 0.15 bar,17,10000,topology_only | mlp,geometry_only | mlp,0.0
uptake(mmol/g) CO2 at 0.15 bar,17,10000,topology_only | mlp,geometry_only | rf,0.0
uptake(mmol/g) CO2 at 0.15 bar,17,10000,topology_only | mlp,geometry_only | ridge,0.0
uptake(mmol/g) CO2 at 0.15 bar,17,10000,topology_only | mlp,geometry_plus_topology | hgb,0.0
uptake(mmol/g) CO2 at 0.15 bar,17,10000,topology_only | mlp,geometry_plus_topology | mlp,0.0
uptake(mmol/g) CO2 at 0.15 bar,17,10000,topology_only | mlp,geometry_plus_topology | rf,0.0
uptake(mmol/g) CO2 at 0.15 bar,17,10000,topology_only | mlp,geometry_plus_topology | ridge,0.0
uptake(mmol/g) CO2 at 0.15 bar,17,10000,topology_only | mlp,topology_only | hgb,1.0
uptake(mmol/g) CO2 at 0.15 bar,17,10000,topology_only | mlp,topology_only | mlp,0.5
uptake(mmol/g) CO2 at 0.15 bar,17,10000,topology_only | mlp,topology_only | rf,0.2
uptake(mmol/g) CO2 at 0.15 bar,17,10000,topology_only | mlp,topology_only | ridge,0.2
uptake(mmol/g) CO2 at 0.15 bar,17,10000,topology_only | rf,enriched_interpretable | hgb,0.0
uptake(mmol/g) CO2 at 0.15 bar,17,10000,topology_only | rf,enriched_interpretable | mlp,0.0
uptake(mmol/g) CO2 at 0.15 bar,17,10000,topology_only | rf,enriched_interpretable | rf,0.0
uptake(mmol/g) CO2 at 0.15 bar,17,10000,topology_only | rf,enriched_interpretable | ridge,0.0
uptake(mmol/g) CO2 at 0.15 bar,17,10000,topology_only | rf,geometry_only | hgb,0.0
uptake(mmol/g) CO2 at 0.15 bar,17,10000,topology_only | rf,geometry_only | mlp,0.0
uptake(mmol/g) CO2 at 0.15 bar,17,10000,topology_only | rf,geometry_only | rf,0.0
uptake(mmol/g) CO2 at 0.15 bar,17,10000,topology_only | rf,geometry_only | ridge,0.0
uptake(mmol/g) CO2 at 0.15 bar,17,10000,topology_only | rf,geometry_plus_topology | hgb,0.0
uptake(mmol/g) CO2 at 0.15 bar,17,10000,topology_only | rf,geometry_plus_topology | mlp,0.0
uptake(mmol/g) CO2 at 0.15 bar,17,10000,topology_only | rf,geometry_plus_topology | rf,0.0
uptake(mmol/g) CO2 at 0.15 bar,17,10000,topology_only | rf,geometry_plus_topology | ridge,0.0
uptake(mmol/g) CO2 at 0.15 bar,17,10000,topology_only | rf,topology_only | hgb,1.0
uptake(mmol/g) CO2 at 0.15 bar,17,10000,topology_only | rf,topology_only | mlp,0.8
uptake(mmol/g) CO2 at 0.15 bar,17,10000,topology_only | rf,topology_only | rf,0.5
uptake(mmol/g) CO2 at 0.15 bar,17,10000,topology_only | rf,topology_only | ridge,0.2
uptake(mmol/g) CO2 at 0.15 bar,17,10000,topology_only | ridge,enriched_interpretable | hgb,0.0
uptake(mmol/g) CO2 at 0.15 bar,17,10000,topology_only | ridge,enriched_interpretable | mlp,0.0
uptake(mmol/g) CO2 at 0.15 bar,17,10000,topology_only | ridge,enriched_interpretable | rf,0.0
uptake(mmol/g) CO2 at 0.15 bar,17,10000,topology_only | ridge,enriched_interpretable | ridge,0.0
uptake(mmol/g) CO2 at 0.15 bar,17,10000,topology_only | ridge,geometry_only | hgb,0.0
uptake(mmol/g) CO2 at 0.15 bar,17,10000,topology_only | ridge,geometry_only | mlp,0.0
uptake(mmol/g) CO2 at 0.15 bar,17,10000,topology_only | ridge,geometry_only | rf,0.0
uptake(mmol/g) CO2 at 0.15 bar,17,10000,topology_only | ridge,geometry_only | ridge,0.0
uptake(mmol/g) CO2 at 0.15 bar,17,10000,topology_only | ridge,geometry_plus_topology | hgb,0.0
uptake(mmol/g) CO2 at 0.15 bar,17,10000,topology_only | ridge,geometry_plus_topology | mlp,0.0
uptake(mmol/g) CO2 at 0.15 bar,17,10000,topology_only | ridge,geometry_plus_topology | rf,0.0
uptake(mmol/g) CO2 at 0.15 bar,17,10000,topology_only | ridge,geometry_plus_topology | ridge,0.0
uptake(mmol/g) CO2 at 0.15 bar,17,10000,topology_only | ridge,topology_only | hgb,1.0
uptake(mmol/g) CO2 at 0.15 bar,17,10000,topology_only | ridge,topology_only | mlp,0.8
uptake(mmol/g) CO2 at 0.15 bar,17,10000,topology_only | ridge,topology_only | rf,0.8
uptake(mmol/g) CO2 at 0.15 bar,17,10000,topology_only | ridge,topology_only | ridge,0.5
uptake(mmol/g) CO2 at 0.15 bar,17,210995,enriched_interpretable | hgb,enriched_interpretable | hgb,0.5
uptake(mmol/g) CO2 at 0.15 bar,17,210995,enriched_interpretable | hgb,enriched_interpretable | mlp,1.0
uptake(mmol/g) CO2 at 0.15 bar,17,210995,enriched_interpretable | hgb,enriched_interpretable | rf,0.0
uptake(mmol/g) CO2 at 0.15 bar,17,210995,enriched_interpretable | hgb,enriched_interpretable | ridge,1.0
uptake(mmol/g) CO2 at 0.15 bar,17,210995,enriched_interpretable | hgb,geometry_only | hgb,1.0
uptake(mmol/g) CO2 at 0.15 bar,17,210995,enriched_interpretable | hgb,geometry_only | mlp,1.0
uptake(mmol/g) CO2 at 0.15 bar,17,210995,enriched_interpretable | hgb,geometry_only | rf,0.0
uptake(mmol/g) CO2 at 0.15 bar,17,210995,enriched_interpretable | hgb,geometry_only | ridge,1.0
uptake(mmol/g) CO2 at 0.15 bar,17,210995,enriched_interpretable | hgb,geometry_plus_topology | hgb,0.0
uptake(mmol/g) CO2 at 0.15 bar,17,210995,enriched_interpretable | hgb,geometry_plus_topology | mlp,0.0
uptake(mmol/g) CO2 at 0.15 bar,17,210995,enriched_interpretable | hgb,geometry_plus_topology | rf,0.0
uptake(mmol/g) CO2 at 0.15 bar,17,210995,enriched_interpretable | hgb,geometry_plus_topology | ridge,1.0
uptake(mmol/g) CO2 at 0.15 bar,17,210995,enriched_interpretable | hgb,topology_only | hgb,1.0
uptake(mmol/g) CO2 at 0.15 bar,17,210995,enriched_interpretable | hgb,topology_only | mlp,1.0
uptake(mmol/g) CO2 at 0.15 bar,17,210995,enriched_interpretable | hgb,topology_only | rf,1.0
uptake(mmol/g) CO2 at 0.15 bar,17,210995,enriched_interpretable | hgb,topology_only | ridge,1.0
uptake(mmol/g) CO2 at 0.15 bar,17,210995,enriched_interpretable | mlp,enriched_interpretable | hgb,0.0
uptake(mmol/g) CO2 at 0.15 bar,17,210995,enriched_interpretable | mlp,enriched_interpretable | mlp,0.5
uptake(mmol/g) CO2 at 0.15 bar,17,210995,enriched_interpretable | mlp,enriched_interpretable | rf,0.0
uptake(mmol/g) CO2 at 0.15 bar,17,210995,enriched_interpretable | mlp,enriched_interpretable | ridge,1.0
uptake(mmol/g) CO2 at 0.15 bar,17,210995,enriched_interpretable | mlp,geometry_only | hgb,1.0
uptake(mmol/g) CO2 at 0.15 bar,17,210995,enriched_interpretable | mlp,geometry_only | mlp,1.0
uptake(mmol/g) CO2 at 0.15 bar,17,210995,enriched_interpretable | mlp,geometry_only | rf,0.0
uptake(mmol/g) CO2 at 0.15 bar,17,210995,enriched_interpretable | mlp,geometry_only | ridge,1.0
uptake(mmol/g) CO2 at 0.15 bar,17,210995,enriched_interpretable | mlp,geometry_plus_topology | hgb,0.0
uptake(mmol/g) CO2 at 0.15 bar,17,210995,enriched_interpretable | mlp,geometry_plus_topology | mlp,0.0
uptake(mmol/g) CO2 at 0.15 bar,17,210995,enriched_interpretable | mlp,geometry_plus_topology | rf,0.0
uptake(mmol/g) CO2 at 0.15 bar,17,210995,enriched_interpretable | mlp,geometry_plus_topology | ridge,1.0
uptake(mmol/g) CO2 at 0.15 bar,17,210995,enriched_interpretable | mlp,topology_only | hgb,1.0
uptake(mmol/g) CO2 at 0.15 bar,17,210995,enriched_interpretable | mlp,topology_only | mlp,1.0
uptake(mmol/g) CO2 at 0.15 bar,17,210995,enriched_interpretable | mlp,topology_only | rf,1.0
uptake(mmol/g) CO2 at 0.15 bar,17,210995,enriched_interpretable | mlp,topology_only | ridge,1.0
uptake(mmol/g) CO2 at 0.15 bar,17,210995,enriched_interpretable | rf,enriched_interpretable | hgb,1.0
uptake(mmol/g) CO2 at 0.15 bar,17,210995,enriched_interpretable | rf,enriched_interpretable | mlp,1.0
uptake(mmol/g) CO2 at 0.15 bar,17,210995,enriched_interpretable | rf,enriched_interpretable | rf,0.5
uptake(mmol/g) CO2 at 0.15 bar,17,210995,enriched_interpretable | rf,enriched_interpretable | ridge,1.0
uptake(mmol/g) CO2 at 0.15 bar,17,210995,enriched_interpretable | rf,geometry_only | hgb,1.0
uptake(mmol/g) CO2 at 0.15 bar,17,210995,enriched_interpretable | rf,geometry_only | mlp,1.0
uptake(mmol/g) CO2 at 0.15 bar,17,210995,enriched_interpretable | rf,geometry_only | rf,1.0
uptake(mmol/g) CO2 at 0.15 bar,17,210995,enriched_interpretable | rf,geometry_only | ridge,1.0
uptake(mmol/g) CO2 at 0.15 bar,17,210995,enriched_interpretable | rf,geometry_plus_topology | hgb,0.0
uptake(mmol/g) CO2 at 0.15 bar,17,210995,enriched_interpretable | rf,geometry_plus_topology | mlp,0.5
uptake(mmol/g) CO2 at 0.15 bar,17,210995,enriched_interpretable | rf,geometry_plus_topology | rf,0.0
uptake(mmol/g) CO2 at 0.15 bar,17,210995,enriched_interpretable | rf,geometry_plus_topology | ridge,1.0
uptake(mmol/g) CO2 at 0.15 bar,17,210995,enriched_interpretable | rf,topology_only | hgb,1.0
uptake(mmol/g) CO2 at 0.15 bar,17,210995,enriched_interpretable | rf,topology_only | mlp,1.0
uptake(mmol/g) CO2 at 0.15 bar,17,210995,enriched_interpretable | rf,topology_only | rf,1.0
uptake(mmol/g) CO2 at 0.15 bar,17,210995,enriched_interpretable | rf,topology_only | ridge,1.0
uptake(mmol/g) CO2 at 0.15 bar,17,210995,enriched_interpretable | ridge,enriched_interpretable | hgb,0.0
uptake(mmol/g) CO2 at 0.15 bar,17,210995,enriched_interpretable | ridge,enriched_interpretable | mlp,0.0
uptake(mmol/g) CO2 at 0.15 bar,17,210995,enriched_interpretable | ridge,enriched_interpretable | rf,0.0
uptake(mmol/g) CO2 at 0.15 bar,17,210995,enriched_interpretable | ridge,enriched_interpretable | ridge,0.5
uptake(mmol/g) CO2 at 0.15 bar,17,210995,enriched_interpretable | ridge,geometry_only | hgb,0.0
uptake(mmol/g) CO2 at 0.15 bar,17,210995,enriched_interpretable | ridge,geometry_only | mlp,0.0
uptake(mmol/g) CO2 at 0.15 bar,17,210995,enriched_interpretable | ridge,geometry_only | rf,0.0
uptake(mmol/g) CO2 at 0.15 bar,17,210995,enriched_interpretable | ridge,geometry_only | ridge,1.0
uptake(mmol/g) CO2 at 0.15 bar,17,210995,enriched_interpretable | ridge,geometry_plus_topology | hgb,0.0
uptake(mmol/g) CO2 at 0.15 bar,17,210995,enriched_interpretable | ridge,geometry_plus_topology | mlp,0.0
uptake(mmol/g) CO2 at 0.15 bar,17,210995,enriched_interpretable | ridge,geometry_plus_topology | rf,0.0
uptake(mmol/g) CO2 at 0.15 bar,17,210995,enriched_interpretable | ridge,geometry_plus_topology | ridge,0.0
uptake(mmol/g) CO2 at 0.15 bar,17,210995,enriched_interpretable | ridge,topology_only | hgb,1.0
uptake(mmol/g) CO2 at 0.15 bar,17,210995,enriched_interpretable | ridge,topology_only | mlp,1.0
uptake(mmol/g) CO2 at 0.15 bar,17,210995,enriched_interpretable | ridge,topology_only | rf,1.0
uptake(mmol/g) CO2 at 0.15 bar,17,210995,enriched_interpretable | ridge,topology_only | ridge,1.0
uptake(mmol/g) CO2 at 0.15 bar,17,210995,geometry_only | hgb,enriched_interpretable | hgb,0.0
uptake(mmol/g) CO2 at 0.15 bar,17,210995,geometry_only | hgb,enriched_interpretable | mlp,0.0
uptake(mmol/g) CO2 at 0.15 bar,17,210995,geometry_only | hgb,enriched_interpretable | rf,0.0
uptake(mmol/g) CO2 at 0.15 bar,17,210995,geometry_only | hgb,enriched_interpretable | ridge,1.0
uptake(mmol/g) CO2 at 0.15 bar,17,210995,geometry_only | hgb,geometry_only | hgb,0.5
uptake(mmol/g) CO2 at 0.15 bar,17,210995,geometry_only | hgb,geometry_only | mlp,1.0
uptake(mmol/g) CO2 at 0.15 bar,17,210995,geometry_only | hgb,geometry_only | rf,0.0
uptake(mmol/g) CO2 at 0.15 bar,17,210995,geometry_only | hgb,geometry_only | ridge,1.0
uptake(mmol/g) CO2 at 0.15 bar,17,210995,geometry_only | hgb,geometry_plus_topology | hgb,0.0
uptake(mmol/g) CO2 at 0.15 bar,17,210995,geometry_only | hgb,geometry_plus_topology | mlp,0.0
uptake(mmol/g) CO2 at 0.15 bar,17,210995,geometry_only | hgb,geometry_plus_topology | rf,0.0
uptake(mmol/g) CO2 at 0.15 bar,17,210995,geometry_only | hgb,geometry_plus_topology | ridge,1.0
uptake(mmol/g) CO2 at 0.15 bar,17,210995,geometry_only | hgb,topology_only | hgb,1.0
uptake(mmol/g) CO2 at 0.15 bar,17,210995,geometry_only | hgb,topology_only | mlp,1.0
uptake(mmol/g) CO2 at 0.15 bar,17,210995,geometry_only | hgb,topology_only | rf,1.0
uptake(mmol/g) CO2 at 0.15 bar,17,210995,geometry_only | hgb,topology_only | ridge,1.0
uptake(mmol/g) CO2 at 0.15 bar,17,210995,geometry_only | mlp,enriched_interpretable | hgb,0.0
uptake(mmol/g) CO2 at 0.15 bar,17,210995,geometry_only | mlp,enriched_interpretable | mlp,0.0
uptake(mmol/g) CO2 at 0.15 bar,17,210995,geometry_only | mlp,enriched_interpretable | rf,0.0
uptake(mmol/g) CO2 at 0.15 bar,17,210995,geometry_only | mlp,enriched_interpretable | ridge,1.0
uptake(mmol/g) CO2 at 0.15 bar,17,210995,geometry_only | mlp,geometry_only | hgb,0.0
uptake(mmol/g) CO2 at 0.15 bar,17,210995,geometry_only | mlp,geometry_only | mlp,0.5
uptake(mmol/g) CO2 at 0.15 bar,17,210995,geometry_only | mlp,geometry_only | rf,0.0
uptake(mmol/g) CO2 at 0.15 bar,17,210995,geometry_only | mlp,geometry_only | ridge,1.0
uptake(mmol/g) CO2 at 0.15 bar,17,210995,geometry_only | mlp,geometry_plus_topology | hgb,0.0
uptake(mmol/g) CO2 at 0.15 bar,17,210995,geometry_only | mlp,geometry_plus_topology | mlp,0.0
uptake(mmol/g) CO2 at 0.15 bar,17,210995,geometry_only | mlp,geometry_plus_topology | rf,0.0
uptake(mmol/g) CO2 at 0.15 bar,17,210995,geometry_only | mlp,geometry_plus_topology | ridge,1.0
uptake(mmol/g) CO2 at 0.15 bar,17,210995,geometry_only | mlp,topology_only | hgb,1.0
uptake(mmol/g) CO2 at 0.15 bar,17,210995,geometry_only | mlp,topology_only | mlp,1.0
uptake(mmol/g) CO2 at 0.15 bar,17,210995,geometry_only | mlp,topology_only | rf,1.0
uptake(mmol/g) CO2 at 0.15 bar,17,210995,geometry_only | mlp,topology_only | ridge,1.0
uptake(mmol/g) CO2 at 0.15 bar,17,210995,geometry_only | rf,enriched_interpretable | hgb,1.0
uptake(mmol/g) CO2 at 0.15 bar,17,210995,geometry_only | rf,enriched_interpretable | mlp,1.0
uptake(mmol/g) CO2 at 0.15 bar,17,210995,geometry_only | rf,enriched_interpretable | rf,0.0
uptake(mmol/g) CO2 at 0.15 bar,17,210995,geometry_only | rf,enriched_interpretable | ridge,1.0
uptake(mmol/g) CO2 at 0.15 bar,17,210995,geometry_only | rf,geometry_only | hgb,1.0
uptake(mmol/g) CO2 at 0.15 bar,17,210995,geometry_only | rf,geometry_only | mlp,1.0
uptake(mmol/g) CO2 at 0.15 bar,17,210995,geometry_only | rf,geometry_only | rf,0.5
uptake(mmol/g) CO2 at 0.15 bar,17,210995,geometry_only | rf,geometry_only | ridge,1.0
uptake(mmol/g) CO2 at 0.15 bar,17,210995,geometry_only | rf,geometry_plus_topology | hgb,0.0
uptake(mmol/g) CO2 at 0.15 bar,17,210995,geometry_only | rf,geometry_plus_topology | mlp,0.0
uptake(mmol/g) CO2 at 0.15 bar,17,210995,geometry_only | rf,geometry_plus_topology | rf,0.0
uptake(mmol/g) CO2 at 0.15 bar,17,210995,geometry_only | rf,geometry_plus_topology | ridge,1.0
uptake(mmol/g) CO2 at 0.15 bar,17,210995,geometry_only | rf,topology_only | hgb,1.0
uptake(mmol/g) CO2 at 0.15 bar,17,210995,geometry_only | rf,topology_only | mlp,1.0
uptake(mmol/g) CO2 at 0.15 bar,17,210995,geometry_only | rf,topology_only | rf,1.0
uptake(mmol/g) CO2 at 0.15 bar,17,210995,geometry_only | rf,topology_only | ridge,1.0
uptake(mmol/g) CO2 at 0.15 bar,17,210995,geometry_only | ridge,enriched_interpretable | hgb,0.0
uptake(mmol/g) CO2 at 0.15 bar,17,210995,geometry_only | ridge,enriched_interpretable | mlp,0.0
uptake(mmol/g) CO2 at 0.15 bar,17,210995,geometry_only | ridge,enriched_interpretable | rf,0.0
uptake(mmol/g) CO2 at 0.15 bar,17,210995,geometry_only | ridge,enriched_interpretable | ridge,0.0
uptake(mmol/g) CO2 at 0.15 bar,17,210995,geometry_only | ridge,geometry_only | hgb,0.0
uptake(mmol/g) CO2 at 0.15 bar,17,210995,geometry_only | ridge,geometry_only | mlp,0.0
uptake(mmol/g) CO2 at 0.15 bar,17,210995,geometry_only | ridge,geometry_only | rf,0.0
uptake(mmol/g) CO2 at 0.15 bar,17,210995,geometry_only | ridge,geometry_only | ridge,0.5
uptake(mmol/g) CO2 at 0.15 bar,17,210995,geometry_only | ridge,geometry_plus_topology | hgb,0.0
uptake(mmol/g) CO2 at 0.15 bar,17,210995,geometry_only | ridge,geometry_plus_topology | mlp,0.0
uptake(mmol/g) CO2 at 0.15 bar,17,210995,geometry_only | ridge,geometry_plus_topology | rf,0.0
uptake(mmol/g) CO2 at 0.15 bar,17,210995,geometry_only | ridge,geometry_plus_topology | ridge,0.0
uptake(mmol/g) CO2 at 0.15 bar,17,210995,geometry_only | ridge,topology_only | hgb,1.0
uptake(mmol/g) CO2 at 0.15 bar,17,210995,geometry_only | ridge,topology_only | mlp,1.0
uptake(mmol/g) CO2 at 0.15 bar,17,210995,geometry_only | ridge,topology_only | rf,1.0
uptake(mmol/g) CO2 at 0.15 bar,17,210995,geometry_only | ridge,topology_only | ridge,1.0
uptake(mmol/g) CO2 at 0.15 bar,17,210995,geometry_plus_topology | hgb,enriched_interpretable | hgb,1.0
uptake(mmol/g) CO2 at 0.15 bar,17,210995,geometry_plus_topology | hgb,enriched_interpretable | mlp,1.0
uptake(mmol/g) CO2 at 0.15 bar,17,210995,geometry_plus_topology | hgb,enriched_interpretable | rf,1.0
uptake(mmol/g) CO2 at 0.15 bar,17,210995,geometry_plus_topology | hgb,enriched_interpretable | ridge,1.0
uptake(mmol/g) CO2 at 0.15 bar,17,210995,geometry_plus_topology | hgb,geometry_only | hgb,1.0
uptake(mmol/g) CO2 at 0.15 bar,17,210995,geometry_plus_topology | hgb,geometry_only | mlp,1.0
uptake(mmol/g) CO2 at 0.15 bar,17,210995,geometry_plus_topology | hgb,geometry_only | rf,1.0
uptake(mmol/g) CO2 at 0.15 bar,17,210995,geometry_plus_topology | hgb,geometry_only | ridge,1.0
uptake(mmol/g) CO2 at 0.15 bar,17,210995,geometry_plus_topology | hgb,geometry_plus_topology | hgb,0.5
uptake(mmol/g) CO2 at 0.15 bar,17,210995,geometry_plus_topology | hgb,geometry_plus_topology | mlp,0.7
uptake(mmol/g) CO2 at 0.15 bar,17,210995,geometry_plus_topology | hgb,geometry_plus_topology | rf,0.0
uptake(mmol/g) CO2 at 0.15 bar,17,210995,geometry_plus_topology | hgb,geometry_plus_topology | ridge,1.0
uptake(mmol/g) CO2 at 0.15 bar,17,210995,geometry_plus_topology | hgb,topology_only | hgb,1.0
uptake(mmol/g) CO2 at 0.15 bar,17,210995,geometry_plus_topology | hgb,topology_only | mlp,1.0
uptake(mmol/g) CO2 at 0.15 bar,17,210995,geometry_plus_topology | hgb,topology_only | rf,1.0
uptake(mmol/g) CO2 at 0.15 bar,17,210995,geometry_plus_topology | hgb,topology_only | ridge,1.0
uptake(mmol/g) CO2 at 0.15 bar,17,210995,geometry_plus_topology | mlp,enriched_interpretable | hgb,1.0
uptake(mmol/g) CO2 at 0.15 bar,17,210995,geometry_plus_topology | mlp,enriched_interpretable | mlp,1.0
uptake(mmol/g) CO2 at 0.15 bar,17,210995,geometry_plus_topology | mlp,enriched_interpretable | rf,0.5
uptake(mmol/g) CO2 at 0.15 bar,17,210995,geometry_plus_topology | mlp,enriched_interpretable | ridge,1.0
uptake(mmol/g) CO2 at 0.15 bar,17,210995,geometry_plus_topology | mlp,geometry_only | hgb,1.0
uptake(mmol/g) CO2 at 0.15 bar,17,210995,geometry_plus_topology | mlp,geometry_only | mlp,1.0
uptake(mmol/g) CO2 at 0.15 bar,17,210995,geometry_plus_topology | mlp,geometry_only | rf,1.0
uptake(mmol/g) CO2 at 0.15 bar,17,210995,geometry_plus_topology | mlp,geometry_only | ridge,1.0
uptake(mmol/g) CO2 at 0.15 bar,17,210995,geometry_plus_topology | mlp,geometry_plus_topology | hgb,0.3
uptake(mmol/g) CO2 at 0.15 bar,17,210995,geometry_plus_topology | mlp,geometry_plus_topology | mlp,0.5
uptake(mmol/g) CO2 at 0.15 bar,17,210995,geometry_plus_topology | mlp,geometry_plus_topology | rf,0.0
uptake(mmol/g) CO2 at 0.15 bar,17,210995,geometry_plus_topology | mlp,geometry_plus_topology | ridge,1.0
uptake(mmol/g) CO2 at 0.15 bar,17,210995,geometry_plus_topology | mlp,topology_only | hgb,1.0
uptake(mmol/g) CO2 at 0.15 bar,17,210995,geometry_plus_topology | mlp,topology_only | mlp,1.0
uptake(mmol/g) CO2 at 0.15 bar,17,210995,geometry_plus_topology | mlp,topology_only | rf,1.0
uptake(mmol/g) CO2 at 0.15 bar,17,210995,geometry_plus_topology | mlp,topology_only | ridge,1.0
uptake(mmol/g) CO2 at 0.15 bar,17,210995,geometry_plus_topology | rf,enriched_interpretable | hgb,1.0
uptake(mmol/g) CO2 at 0.15 bar,17,210995,geometry_plus_topology | rf,enriched_interpretable | mlp,1.0
uptake(mmol/g) CO2 at 0.15 bar,17,210995,geometry_plus_topology | rf,enriched_interpretable | rf,1.0
uptake(mmol/g) CO2 at 0.15 bar,17,210995,geometry_plus_topology | rf,enriched_interpretable | ridge,1.0
uptake(mmol/g) CO2 at 0.15 bar,17,210995,geometry_plus_topology | rf,geometry_only | hgb,1.0
uptake(mmol/g) CO2 at 0.15 bar,17,210995,geometry_plus_topology | rf,geometry_only | mlp,1.0
uptake(mmol/g) CO2 at 0.15 bar,17,210995,geometry_plus_topology | rf,geometry_only | rf,1.0
uptake(mmol/g) CO2 at 0.15 bar,17,210995,geometry_plus_topology | rf,geometry_only | ridge,1.0
uptake(mmol/g) CO2 at 0.15 bar,17,210995,geometry_plus_topology | rf,geometry_plus_topology | hgb,1.0
uptake(mmol/g) CO2 at 0.15 bar,17,210995,geometry_plus_topology | rf,geometry_plus_topology | mlp,1.0
uptake(mmol/g) CO2 at 0.15 bar,17,210995,geometry_plus_topology | rf,geometry_plus_topology | rf,0.5
uptake(mmol/g) CO2 at 0.15 bar,17,210995,geometry_plus_topology | rf,geometry_plus_topology | ridge,1.0
uptake(mmol/g) CO2 at 0.15 bar,17,210995,geometry_plus_topology | rf,topology_only | hgb,1.0
uptake(mmol/g) CO2 at 0.15 bar,17,210995,geometry_plus_topology | rf,topology_only | mlp,1.0
uptake(mmol/g) CO2 at 0.15 bar,17,210995,geometry_plus_topology | rf,topology_only | rf,1.0
uptake(mmol/g) CO2 at 0.15 bar,17,210995,geometry_plus_topology | rf,topology_only | ridge,1.0
uptake(mmol/g) CO2 at 0.15 bar,17,210995,geometry_plus_topology | ridge,enriched_interpretable | hgb,0.0
uptake(mmol/g) CO2 at 0.15 bar,17,210995,geometry_plus_topology | ridge,enriched_interpretable | mlp,0.0
uptake(mmol/g) CO2 at 0.15 bar,17,210995,geometry_plus_topology | ridge,enriched_interpretable | rf,0.0
uptake(mmol/g) CO2 at 0.15 bar,17,210995,geometry_plus_topology | ridge,enriched_interpretable | ridge,1.0
uptake(mmol/g) CO2 at 0.15 bar,17,210995,geometry_plus_topology | ridge,geometry_only | hgb,0.0
uptake(mmol/g) CO2 at 0.15 bar,17,210995,geometry_plus_topology | ridge,geometry_only | mlp,0.0
uptake(mmol/g) CO2 at 0.15 bar,17,210995,geometry_plus_topology | ridge,geometry_only | rf,0.0
uptake(mmol/g) CO2 at 0.15 bar,17,210995,geometry_plus_topology | ridge,geometry_only | ridge,1.0
uptake(mmol/g) CO2 at 0.15 bar,17,210995,geometry_plus_topology | ridge,geometry_plus_topology | hgb,0.0
uptake(mmol/g) CO2 at 0.15 bar,17,210995,geometry_plus_topology | ridge,geometry_plus_topology | mlp,0.0
uptake(mmol/g) CO2 at 0.15 bar,17,210995,geometry_plus_topology | ridge,geometry_plus_topology | rf,0.0
uptake(mmol/g) CO2 at 0.15 bar,17,210995,geometry_plus_topology | ridge,geometry_plus_topology | ridge,0.5
uptake(mmol/g) CO2 at 0.15 bar,17,210995,geometry_plus_topology | ridge,topology_only | hgb,1.0
uptake(mmol/g) CO2 at 0.15 bar,17,210995,geometry_plus_topology | ridge,topology_only | mlp,1.0
uptake(mmol/g) CO2 at 0.15 bar,17,210995,geometry_plus_topology | ridge,topology_only | rf,1.0
uptake(mmol/g) CO2 at 0.15 bar,17,210995,geometry_plus_topology | ridge,topology_only | ridge,1.0
uptake(mmol/g) CO2 at 0.15 bar,17,210995,topology_only | hgb,enriched_interpretable | hgb,0.0
uptake(mmol/g) CO2 at 0.15 bar,17,210995,topology_only | hgb,enriched_interpretable | mlp,0.0
uptake(mmol/g) CO2 at 0.15 bar,17,210995,topology_only | hgb,enriched_interpretable | rf,0.0
uptake(mmol/g) CO2 at 0.15 bar,17,210995,topology_only | hgb,enriched_interpretable | ridge,0.0
uptake(mmol/g) CO2 at 0.15 bar,17,210995,topology_only | hgb,geometry_only | hgb,0.0
uptake(mmol/g) CO2 at 0.15 bar,17,210995,topology_only | hgb,geometry_only | mlp,0.0
uptake(mmol/g) CO2 at 0.15 bar,17,210995,topology_only | hgb,geometry_only | rf,0.0
uptake(mmol/g) CO2 at 0.15 bar,17,210995,topology_only | hgb,geometry_only | ridge,0.0
uptake(mmol/g) CO2 at 0.15 bar,17,210995,topology_only | hgb,geometry_plus_topology | hgb,0.0
uptake(mmol/g) CO2 at 0.15 bar,17,210995,topology_only | hgb,geometry_plus_topology | mlp,0.0
uptake(mmol/g) CO2 at 0.15 bar,17,210995,topology_only | hgb,geometry_plus_topology | rf,0.0
uptake(mmol/g) CO2 at 0.15 bar,17,210995,topology_only | hgb,geometry_plus_topology | ridge,0.0
uptake(mmol/g) CO2 at 0.15 bar,17,210995,topology_only | hgb,topology_only | hgb,0.5
uptake(mmol/g) CO2 at 0.15 bar,17,210995,topology_only | hgb,topology_only | mlp,0.9
uptake(mmol/g) CO2 at 0.15 bar,17,210995,topology_only | hgb,topology_only | rf,1.0
uptake(mmol/g) CO2 at 0.15 bar,17,210995,topology_only | hgb,topology_only | ridge,0.1
uptake(mmol/g) CO2 at 0.15 bar,17,210995,topology_only | mlp,enriched_interpretable | hgb,0.0
uptake(mmol/g) CO2 at 0.15 bar,17,210995,topology_only | mlp,enriched_interpretable | mlp,0.0
uptake(mmol/g) CO2 at 0.15 bar,17,210995,topology_only | mlp,enriched_interpretable | rf,0.0
uptake(mmol/g) CO2 at 0.15 bar,17,210995,topology_only | mlp,enriched_interpretable | ridge,0.0
uptake(mmol/g) CO2 at 0.15 bar,17,210995,topology_only | mlp,geometry_only | hgb,0.0
uptake(mmol/g) CO2 at 0.15 bar,17,210995,topology_only | mlp,geometry_only | mlp,0.0
uptake(mmol/g) CO2 at 0.15 bar,17,210995,topology_only | mlp,geometry_only | rf,0.0
uptake(mmol/g) CO2 at 0.15 bar,17,210995,topology_only | mlp,geometry_only | ridge,0.0
uptake(mmol/g) CO2 at 0.15 bar,17,210995,topology_only | mlp,geometry_plus_topology | hgb,0.0
uptake(mmol/g) CO2 at 0.15 bar,17,210995,topology_only | mlp,geometry_plus_topology | mlp,0.0
uptake(mmol/g) CO2 at 0.15 bar,17,210995,topology_only | mlp,geometry_plus_topology | rf,0.0
uptake(mmol/g) CO2 at 0.15 bar,17,210995,topology_only | mlp,geometry_plus_topology | ridge,0.0
uptake(mmol/g) CO2 at 0.15 bar,17,210995,topology_only | mlp,topology_only | hgb,0.1
uptake(mmol/g) CO2 at 0.15 bar,17,210995,topology_only | mlp,topology_only | mlp,0.5
uptake(mmol/g) CO2 at 0.15 bar,17,210995,topology_only | mlp,topology_only | rf,1.0
uptake(mmol/g) CO2 at 0.15 bar,17,210995,topology_only | mlp,topology_only | ridge,0.1
uptake(mmol/g) CO2 at 0.15 bar,17,210995,topology_only | rf,enriched_interpretable | hgb,0.0
uptake(mmol/g) CO2 at 0.15 bar,17,210995,topology_only | rf,enriched_interpretable | mlp,0.0
uptake(mmol/g) CO2 at 0.15 bar,17,210995,topology_only | rf,enriched_interpretable | rf,0.0
uptake(mmol/g) CO2 at 0.15 bar,17,210995,topology_only | rf,enriched_interpretable | ridge,0.0
uptake(mmol/g) CO2 at 0.15 bar,17,210995,topology_only | rf,geometry_only | hgb,0.0
uptake(mmol/g) CO2 at 0.15 bar,17,210995,topology_only | rf,geometry_only | mlp,0.0
uptake(mmol/g) CO2 at 0.15 bar,17,210995,topology_only | rf,geometry_only | rf,0.0
uptake(mmol/g) CO2 at 0.15 bar,17,210995,topology_only | rf,geometry_only | ridge,0.0
uptake(mmol/g) CO2 at 0.15 bar,17,210995,topology_only | rf,geometry_plus_topology | hgb,0.0
uptake(mmol/g) CO2 at 0.15 bar,17,210995,topology_only | rf,geometry_plus_topology | mlp,0.0
uptake(mmol/g) CO2 at 0.15 bar,17,210995,topology_only | rf,geometry_plus_topology | rf,0.0
uptake(mmol/g) CO2 at 0.15 bar,17,210995,topology_only | rf,geometry_plus_topology | ridge,0.0
uptake(mmol/g) CO2 at 0.15 bar,17,210995,topology_only | rf,topology_only | hgb,0.0
uptake(mmol/g) CO2 at 0.15 bar,17,210995,topology_only | rf,topology_only | mlp,0.0
uptake(mmol/g) CO2 at 0.15 bar,17,210995,topology_only | rf,topology_only | rf,0.5
uptake(mmol/g) CO2 at 0.15 bar,17,210995,topology_only | rf,topology_only | ridge,0.0
uptake(mmol/g) CO2 at 0.15 bar,17,210995,topology_only | ridge,enriched_interpretable | hgb,0.0
uptake(mmol/g) CO2 at 0.15 bar,17,210995,topology_only | ridge,enriched_interpretable | mlp,0.0
uptake(mmol/g) CO2 at 0.15 bar,17,210995,topology_only | ridge,enriched_interpretable | rf,0.0
uptake(mmol/g) CO2 at 0.15 bar,17,210995,topology_only | ridge,enriched_interpretable | ridge,0.0
uptake(mmol/g) CO2 at 0.15 bar,17,210995,topology_only | ridge,geometry_only | hgb,0.0
uptake(mmol/g) CO2 at 0.15 bar,17,210995,topology_only | ridge,geometry_only | mlp,0.0
uptake(mmol/g) CO2 at 0.15 bar,17,210995,topology_only | ridge,geometry_only | rf,0.0
uptake(mmol/g) CO2 at 0.15 bar,17,210995,topology_only | ridge,geometry_only | ridge,0.0
uptake(mmol/g) CO2 at 0.15 bar,17,210995,topology_only | ridge,geometry_plus_topology | hgb,0.0
uptake(mmol/g) CO2 at 0.15 bar,17,210995,topology_only | ridge,geometry_plus_topology | mlp,0.0
uptake(mmol/g) CO2 at 0.15 bar,17,210995,topology_only | ridge,geometry_plus_topology | rf,0.0
uptake(mmol/g) CO2 at 0.15 bar,17,210995,topology_only | ridge,geometry_plus_topology | ridge,0.0
uptake(mmol/g) CO2 at 0.15 bar,17,210995,topology_only | ridge,topology_only | hgb,0.9
uptake(mmol/g) CO2 at 0.15 bar,17,210995,topology_only | ridge,topology_only | mlp,0.9
uptake(mmol/g) CO2 at 0.15 bar,17,210995,topology_only | ridge,topology_only | rf,1.0
uptake(mmol/g) CO2 at 0.15 bar,17,210995,topology_only | ridge,topology_only | ridge,0.5
